{"data":[[-2.09653333, 29.09082805, {"vMag": 2.07, "bvColor": -0.038}], [-2.29204036, 59.15021814, {"vMag": 2.28, "bvColor": 0.38}], [-3.30895828, 15.18361593, {"vMag": 2.83, "bvColor": -0.19}], [-6.41334183, -77.25503511, {"vMag": 2.82, "bvColor": 0.618}], [-6.57028075, -42.30512197, {"vMag": 2.4, "bvColor": 1.083}], [-10.12661349, 56.53740928, {"vMag": 2.24, "bvColor": 1.17}], [-10.89678452, -17.9866841, {"vMag": 2.04, "bvColor": 1.019}], [-14.17708808, 60.71674966, {"vMag": 2.15, "bvColor": -0.046}], [-17.43248991, 35.62083048, {"vMag": 2.07, "bvColor": 1.576}], [-21.45251267, 60.23540347, {"vMag": 2.66, "bvColor": 0.16}], [-24.42813204, -57.23666007, {"vMag": 0.45, "bvColor": -0.158}], [-28.65978771, 20.80829949, {"vMag": 2.64, "bvColor": 0.165}], [-29.69113269, -61.56992444, {"vMag": 2.86, "bvColor": 0.29}], [-30.97466283, 42.32984832, {"vMag": 2.1, "bvColor": 1.37}], [-31.79285757, 23.46277743, {"vMag": 2.01, "bvColor": 1.151}], [-32.38550383, 34.98739204, {"vMag": 3.0, "bvColor": 0.14}], [-37.94614689, 89.26413805, {"vMag": 1.97, "bvColor": 0.636}], [-44.5654818, -40.30473491, {"vMag": 2.88, "bvColor": 0.128}], [-45.56991279, 4.08992539, {"vMag": 2.54, "bvColor": 1.63}], [-46.19912598, 53.50645031, {"vMag": 2.91, "bvColor": 0.716}], [-47.04220716, 40.9556512, {"vMag": 2.09, "bvColor": -0.003}], [-51.08061889, 49.86124281, {"vMag": 1.79, "bvColor": 0.481}], [-56.87110065, 24.10524193, {"vMag": 2.85, "bvColor": -0.086}], [-58.53299363, 31.88365776, {"vMag": 2.84, "bvColor": 0.271}], [-59.46342138, 40.01027315, {"vMag": 2.9, "bvColor": -0.199}], [-59.50720862, -13.50824471, {"vMag": 2.97, "bvColor": 1.588}], [-68.98000195, 16.50976164, {"vMag": 0.87, "bvColor": 1.538}], [-74.24840098, 33.16613537, {"vMag": 2.69, "bvColor": 1.49}], [-76.96264146, -5.08626282, {"vMag": 2.78, "bvColor": 0.161}], [-78.63446353, -8.20163919, {"vMag": 0.18, "bvColor": -0.03}], [-79.17206517, 45.99902927, {"vMag": 0.08, "bvColor": 0.795}], [-81.28278416, 6.34973451, {"vMag": 1.64, "bvColor": -0.224}], [-81.57290804, 28.60787346, {"vMag": 1.65, "bvColor": -0.13}], [-82.06135971, -20.75923214, {"vMag": 2.81, "bvColor": 0.807}], [-83.00166562, -0.2990934, {"vMag": 2.25, "bvColor": -0.175}], [-83.18255798, -17.82229227, {"vMag": 2.58, "bvColor": 0.211}], [-83.85825475, -5.90989984, {"vMag": 2.75, "bvColor": -0.21}], [-84.05338572, -1.20191725, {"vMag": 1.69, "bvColor": -0.184}], [-84.41118447, 21.14259299, {"vMag": 2.97, "bvColor": -0.148}], [-84.91224975, -34.07404941, {"vMag": 2.65, "bvColor": -0.12}], [-85.18968672, -1.94257841, {"vMag": 1.74, "bvColor": -0.199}], [-86.93911641, -9.66960186, {"vMag": 2.07, "bvColor": -0.168}], [-88.79287161, 7.40703634, {"vMag": 0.45, "bvColor": 1.5}], [-89.88237261, 44.94743492, {"vMag": 1.9, "bvColor": 0.077}], [-89.93015897, 37.21276409, {"vMag": 2.65, "bvColor": -0.083}], [-95.6749475, -17.95591658, {"vMag": 1.98, "bvColor": -0.24}], [-95.73996302, 22.51385027, {"vMag": 2.87, "bvColor": 1.621}], [-95.98787763, -52.69571799, {"vMag": -0.62, "bvColor": 0.164}], [-99.42792641, 16.39941482, {"vMag": 1.93, "bvColor": 0.001}], [-101.28854105, -16.71314306, {"vMag": -1.44, "bvColor": 0.009}], [-102.48390349, -50.61439973, {"vMag": 2.94, "bvColor": 1.207}], [-104.65644451, -28.97208931, {"vMag": 1.5, "bvColor": -0.211}], [-107.09785853, -26.39320776, {"vMag": 1.83, "bvColor": 0.671}], [-109.28568399, -37.09748689, {"vMag": 2.71, "bvColor": 1.616}], [-111.02377104, -29.30311979, {"vMag": 2.45, "bvColor": -0.083}], [-111.78780121, 8.28940893, {"vMag": 2.89, "bvColor": -0.097}], [-113.65001898, 31.88863645, {"vMag": 1.58, "bvColor": 0.034}], [-114.82724194, 5.22750767, {"vMag": 0.4, "bvColor": 0.432}], [-116.33068263, 28.02631031, {"vMag": 1.16, "bvColor": 0.991}], [-120.89612561, -40.00318846, {"vMag": 2.21, "bvColor": -0.269}], [-121.88625899, -24.30443677, {"vMag": 2.83, "bvColor": 0.458}], [-122.38314727, -47.33661177, {"vMag": 1.75, "bvColor": -0.145}], [-125.62860299, -59.50953829, {"vMag": 1.86, "bvColor": 1.196}], [-131.17582214, -54.70856797, {"vMag": 1.93, "bvColor": 0.043}], [-136.99907126, -43.43262406, {"vMag": 2.23, "bvColor": 1.665}], [-138.30100329, -69.71747245, {"vMag": 1.67, "bvColor": 0.07}], [-139.27261834, -59.27526115, {"vMag": 2.21, "bvColor": 0.189}], [-140.52845511, -55.01069531, {"vMag": 2.47, "bvColor": -0.141}], [-141.8968826, -8.65868335, {"vMag": 1.99, "bvColor": 1.44}], [-146.4629267, 23.77427792, {"vMag": 2.97, "bvColor": 0.808}], [-146.7755734, -65.07201888, {"vMag": 2.92, "bvColor": 0.273}], [-152.09358075, 11.96719513, {"vMag": 1.36, "bvColor": -0.087}], [-154.99234054, 19.84186032, {"vMag": 2.01, "bvColor": 1.128}], [-160.73927802, -64.39447937, {"vMag": 2.74, "bvColor": -0.22}], [-161.69217542, -49.42012517, {"vMag": 2.69, "bvColor": 0.901}], [-165.4599615, 56.38234478, {"vMag": 2.34, "bvColor": 0.033}], [-165.93265365, 61.75111888, {"vMag": 1.81, "bvColor": 1.061}], [-167.41608092, 44.49855337, {"vMag": 3.0, "bvColor": 1.144}], [-168.52671705, 20.52403384, {"vMag": 2.56, "bvColor": 0.128}], [-177.26615977, 14.57233687, {"vMag": 2.14, "bvColor": 0.09}], [-178.45725536, 53.69473296, {"vMag": 2.41, "bvColor": 0.044}], [177.91023495, -50.72240999, {"vMag": 2.58, "bvColor": -0.128}], [176.21351267, -58.74890179, {"vMag": 2.79, "bvColor": -0.193}], [176.04805063, -17.5419837, {"vMag": 2.58, "bvColor": -0.107}], [173.35024415, -63.09905586, {"vMag": 0.77, "bvColor": -0.243}], [172.5334035, -16.51509397, {"vMag": 2.94, "bvColor": -0.012}], [172.20862798, -57.11256922, {"vMag": 1.59, "bvColor": 1.6}], [171.40319136, -23.39662306, {"vMag": 2.65, "bvColor": 0.893}], [170.70381792, -69.13553358, {"vMag": 2.69, "bvColor": -0.176}], [169.61997921, -48.95988553, {"vMag": 2.2, "bvColor": -0.023}], [169.58332443, -1.44952231, {"vMag": 2.74, "bvColor": 0.368}], [168.06950463, -59.68873246, {"vMag": 1.25, "bvColor": -0.238}], [166.4931959, 55.95984301, {"vMag": 1.76, "bvColor": -0.022}], [165.99232949, 38.31824617, {"vMag": 2.89, "bvColor": -0.115}], [164.45516443, 10.95910186, {"vMag": 2.85, "bvColor": 0.934}], [160.2697776, -23.17141246, {"vMag": 2.99, "bvColor": 0.92}], [159.84972679, -36.71208109, {"vMag": 2.75, "bvColor": 0.068}], [159.01908396, 54.92541525, {"vMag": 2.23, "bvColor": 0.057}], [158.7016477, -11.16124491, {"vMag": 0.98, "bvColor": -0.235}], [155.02803038, -53.46636269, {"vMag": 2.29, "bvColor": -0.171}], [153.1143912, 49.31330288, {"vMag": 1.85, "bvColor": -0.099}], [151.3286825, 18.39858742, {"vMag": 2.68, "bvColor": 0.58}], [151.11485461, -47.28826634, {"vMag": 2.55, "bvColor": -0.176}], [149.04398102, -60.3729784, {"vMag": 0.61, "bvColor": -0.231}], [148.32781392, -36.36869575, {"vMag": 2.06, "bvColor": 1.011}], [146.08188597, 19.18726997, {"vMag": -0.05, "bvColor": 1.239}], [141.12311837, -42.15774562, {"vMag": 2.33, "bvColor": -0.157}], [140.08587167, -60.83947139, {"vMag": 1.35, "bvColor": 0.9}], [140.07958966, -60.83514707, {"vMag": -0.01, "bvColor": 0.71}], [139.51760899, -47.38814127, {"vMag": 2.3, "bvColor": -0.154}], [138.75312131, 27.07417383, {"vMag": 2.35, "bvColor": 0.966}], [137.32335249, 74.15547596, {"vMag": 2.07, "bvColor": 1.465}], [137.28009464, -16.04161047, {"vMag": 2.75, "bvColor": 0.147}], [135.36685807, -43.13386699, {"vMag": 2.68, "bvColor": -0.184}], [130.74803409, -9.38286694, {"vMag": 2.61, "bvColor": -0.071}], [130.27212993, -68.67946723, {"vMag": 2.87, "bvColor": 0.014}], [129.8177116, 71.83397308, {"vMag": 3.0, "bvColor": 0.058}], [126.32837706999999, 26.71491041, {"vMag": 2.22, "bvColor": 0.032}], [126.21474844, -41.16669497, {"vMag": 2.8, "bvColor": -0.216}], [123.93335085999999, 6.42551971, {"vMag": 2.63, "bvColor": 1.167}], [121.21329986999999, -63.42974973, {"vMag": 2.83, "bvColor": 0.315}], [120.28699717, -26.1140428, {"vMag": 2.89, "bvColor": -0.18}], [119.91661775, -22.62162024, {"vMag": 2.29, "bvColor": -0.117}], [118.64068793999999, -19.80539286, {"vMag": 2.56, "bvColor": -0.065}], [116.41347399, -3.69397562, {"vMag": 2.73,